Rnk,Player,Team,Gms,CLUTCH,SH,DF,FT,TO,REB,AST,STL,BLK
1,AJ Griffin,ATL,37,1.23,1.48,0.05,0.01,-0.31,0.33,0.31,0.16,0.09
2,Trae Young,ATL,38,1.05,0.55,1.13,0.67,-1.29,0.31,3.11,0.12,0.01
3,De'Andre Hunter,ATL,35,0.93,0.87,0.29,-0.03,-0.19,0.45,0.29,0.24,0.03
4,Onyeka Okongwu,ATL,41,0.83,1.06,0.16,-0.03,-0.35,1.13,0.36,0.27,0.39
5,John Collins,ATL,34,0.69,0.78,0.12,0.04,-0.25,0.84,0.49,0.24,0.34
6,Dejounte Murray,ATL,37,0.65,0.29,0.75,0.22,-0.61,0.61,1.86,0.74,0.14
7,Aaron Holiday,ATL,38,0.44,0.56,0.05,-0.01,-0.16,0.14,0.36,0.14,0.02
8,Bogdan Bogdanovic,ATL,19,0.32,0.50,0.03,0.00,-0.20,0.20,0.55,0.15,0.03
9,Clint Capela,ATL,25,0.20,0.36,0.06,-0.02,-0.20,0.91,0.08,0.14,0.17
10,Frank Kaminsky,ATL,21,0.19,0.21,0.01,0.01,-0.03,0.03,0.07,0.05,0.00
11,Justin Holiday,ATL,26,0.19,0.31,0.00,0.00,-0.12,0.06,0.28,0.05,0.02
12,Jalen Johnson,ATL,41,0.09,0.09,0.07,0.00,-0.07,0.24,1.10,0.03,0.04
13,Jarrett Culver,ATL,9,0.04,0.02,0.03,0.01,-0.02,0.08,0.03,0.02,0.00
14,Vit Krejci,ATL,17,0.04,0.04,0.00,0.00,0.00,0.02,0.09,0.00,0.00
15,Tyrese Martin,ATL,10,0.00,0.00,0.00,0.00,0.00,0.00,0.00,0.00,0.00
16,Derrick Favors,ATL,0,0.00,0.00,0.00,0.00,0.00,0.00,0.00,0.00,0.00
17,Trent Forrest,ATL,15,-0.06,0.01,0.01,-0.00,-0.07,0.08,0.08,0.03,0.04
1,Kevin Durant,BKN,39,1.94,1.88,0.76,0.17,-0.86,0.62,1.01,0.21,0.26
2,Kyrie Irving,BKN,32,1.11,1.21,0.43,0.10,-0.62,0.42,2.13,0.16,0.08
3,Yuta Watanabe,BKN,28,0.70,0.88,0.09,-0.03,-0.24,0.36,0.59,0.21,0.02
4,Royce O'Neale,BKN,39,0.69,1.23,0.11,-0.02,-0.62,0.62,1.70,0.15,0.18
5,Nic Claxton,BKN,39,0.55,0.84,0.21,-0.16,-0.34,0.94,0.48,0.27,0.46
6,Seth Curry,BKN,30,0.53,0.66,0.09,0.02,-0.24,0.14,0.45,0.22,0.07
7,Cam Thomas,BKN,26,0.44,0.27,0.18,0.06,-0.07,0.10,0.13,0.08,0.02
8,Patty Mills,BKN,26,0.38,0.38,0.01,0.01,-0.02,0.07,0.20,0.02,0.00
9,T.J. Warren,BKN,18,0.32,0.27,0.10,-0.00,-0.05,0.06,0.14,0.07,0.03
10,Joe Harris,BKN,34,0.13,0.22,0.05,-0.01,-0.12,0.29,0.69,0.12,0.06
11,Day'Ron Sharpe,BKN,20,0.08,0.09,0.03,-0.02,-0.02,0.06,0.05,0.00,0.04
12,Markieff Morris,BKN,18,0.05,0.09,0.02,0.00,-0.07,0.07,0.03,0.02,0.03
13,Dru Smith,BKN,0,0.00,0.00,0.00,0.00,0.00,0.00,0.00,0.00,0.00
14,Alondes Williams,BKN,1,-0.00,0.00,0.00,0.00,-0.00,0.00,0.00,0.00,0.00
15,Ben Simmons,BKN,31,-0.02,0.33,0.18,-0.10,-0.43,0.51,1.99,0.41,0.09
16,David Duke Jr.,BKN,14,-0.04,0.01,0.02,0.02,-0.09,0.07,0.08,0.03,0.00
17,Kessler Edwards,BKN,12,-0.06,-0.01,0.00,0.00,-0.05,0.03,0.00,0.01,0.00
18,Edmond Sumner,BKN,35,-0.09,-0.03,0.05,-0.01,-0.11,0.04,0.25,0.07,0.03
1,Jayson Tatum,BOS,40,1.24,1.21,0.57,0.09,-0.62,0.79,1.05,0.22,0.16
2,Grant Williams,BOS,42,0.74,0.79,0.21,0.08,-0.34,0.48,0.45,0.18,0.10
3,Malcolm Brogdon,BOS,38,0.70,0.65,0.23,0.06,-0.24,0.33,0.82,0.09,0.03
4,Jaylen Brown,BOS,39,0.66,0.67,0.50,0.12,-0.63,0.62,0.81,0.32,0.15
5,Sam Hauser,BOS,44,0.46,0.40,0.06,0.01,-0.01,0.10,0.19,0.07,0.00
6,Al Horford,BOS,33,0.40,0.45,0.03,0.01,-0.09,0.35,0.47,0.08,0.13
7,Robert Williams III,BOS,12,0.30,0.28,0.02,0.01,-0.02,0.15,0.14,0.04,0.08
8,Derrick White,BOS,44,0.28,0.33,0.17,0.05,-0.26,0.16,1.14,0.16,0.18
9,Payton Pritchard,BOS,29,0.24,0.26,0.01,0.00,-0.05,0.07,0.11,0.05,0.00
10,Luke Kornet,BOS,37,0.16,0.17,0.01,0.00,-0.02,0.14,0.08,0.06,0.01
11,Noah Vonleh,BOS,23,0.03,0.05,0.01,0.01,-0.04,0.09,0.03,0.00,0.00
12,Marcus Smart,BOS,38,0.02,0.30,0.22,0.06,-0.56,0.28,2.33,0.47,0.05
13,Blake Griffin,BOS,16,0.01,-0.01,0.03,0.01,-0.01,0.05,0.04,0.04,0.00
14,Danilo Gallinari,BOS,0,0.00,0.00,0.00,0.00,0.00,0.00,0.00,0.00,0.00
15,Justin Jackson,BOS,19,0.00,0.00,0.00,0.00,0.00,0.00,0.00,0.00,0.00
16,Mfiondu Kabengele,BOS,1,0.00,0.00,0.00,0.00,0.00,0.00,0.00,0.00,0.00
17,JD Davison,BOS,4,0.00,0.00,0.00,0.00,0.00,0.00,0.00,0.00,0.00
1,Dennis Smith Jr.,CHA,22,0.39,0.46,0.06,-0.04,-0.09,0.18,1.44,0.20,0.04
2,P.J. Washington,CHA,42,0.38,0.76,0.24,0.05,-0.67,0.58,0.75,0.22,0.17
3,Nick Richards,CHA,37,0.34,0.31,0.16,0.06,-0.20,0.48,0.12,0.04,0.12
4,Jalen McDaniels,CHA,43,0.32,0.54,0.22,0.00,-0.45,0.49,0.65,0.24,0.08
5,Cody Martin,CHA,7,0.17,0.13,0.04,0.01,0.00,0.05,0.04,0.00,0.01
6,Mason Plumlee,CHA,43,0.10,0.61,0.42,-0.16,-0.77,1.82,1.22,0.22,0.17
7,Mark Williams,CHA,13,0.05,0.05,0.04,0.02,-0.06,0.10,0.07,0.05,0.01
8,James Bouknight,CHA,24,0.01,0.08,0.00,0.00,-0.08,0.09,0.22,0.03,0.02
9,Bryce McGowens,CHA,17,-0.02,-0.01,0.00,0.00,-0.01,0.01,0.02,0.02,0.00
10,Kai Jones,CHA,24,-0.02,0.04,0.02,-0.00,-0.07,0.06,0.07,0.03,0.02
11,Kelly Oubre Jr.,CHA,33,-0.03,0.28,0.27,-0.03,-0.55,0.55,0.35,0.45,0.04
12,JT Thor,CHA,28,-0.03,0.07,0.01,0.00,-0.12,0.14,0.00,0.01,0.02
13,Theo Maledon,CHA,34,-0.07,0.05,0.04,0.02,-0.18,0.17,0.42,0.17,0.04
14,Gordon Hayward,CHA,20,-0.10,0.02,0.09,0.02,-0.22,0.45,1.30,0.07,0.00
15,LaMelo Ball,CHA,18,-0.17,0.23,0.04,0.01,-0.45,0.19,1.23,0.11,0.01
16,Terry Rozier,CHA,34,-0.26,0.02,0.26,0.05,-0.59,0.34,1.67,0.09,0.02
1,DeMar DeRozan,CHI,41,3.14,1.10,1.87,0.97,-0.80,0.97,2.63,0.35,0.11
2,Derrick Jones Jr.,CHI,33,1.09,0.49,0.82,-0.19,-0.03,0.19,0.29,0.15,0.11
3,Coby White,CHI,36,0.95,1.03,0.12,0.02,-0.21,0.23,0.37,0.31,0.02
4,Ayo Dosunmu,CHI,39,0.56,0.78,0.10,0.05,-0.37,0.45,0.65,0.26,0.10
5,Nikola Vucevic,CHI,44,0.50,0.73,0.16,-0.00,-0.39,1.25,0.86,0.17,0.36
6,Zach LaVine,CHI,40,0.41,0.70,0.41,0.12,-0.82,0.35,1.01,0.24,0.00
7,Andre Drummond,CHI,34,0.30,0.47,0.10,-0.04,-0.23,0.46,0.11,0.20,0.02
8,Javonte Green,CHI,26,0.20,0.45,0.11,-0.03,-0.32,0.24,0.12,0.24,0.02
9,Alex Caruso,CHI,38,0.07,0.32,0.03,-0.02,-0.26,0.28,1.67,0.45,0.13
10,Dalen Terry,CHI,16,0.00,0.01,0.00,0.00,-0.01,0.01,0.05,0.03,0.00
11,Lonzo Ball,CHI,0,0.00,0.00,0.00,0.00,0.00,0.00,0.00,0.00,0.00
12,Tony Bradley,CHI,9,0.00,0.00,0.00,0.00,0.00,0.00,0.00,0.00,0.00
13,Kostas Antetokounmpo,CHI,0,0.00,0.00,0.00,0.00,0.00,0.00,0.00,0.00,0.00
14,Marko Simonovic,CHI,1,0.00,0.00,0.00,0.00,0.00,0.00,0.00,0.00,0.00
15,Malcolm Hill,CHI,3,0.00,0.00,0.00,0.00,0.00,0.00,0.00,0.00,0.00
16,Carlik Jones,CHI,0,0.00,0.00,0.00,0.00,0.00,0.00,0.00,0.00,0.00
17,Goran Dragic,CHI,41,-0.15,0.12,0.09,-0.03,-0.33,0.22,1.22,0.05,0.01
18,Patrick Williams,CHI,43,-0.30,-0.02,0.16,0.02,-0.46,0.45,0.29,0.28,0.14
1,Donovan Mitchell,CLE,38,1.66,1.85,0.55,0.11,-0.84,0.72,2.01,0.58,0.14
2,Evan Mobley,CLE,36,1.57,1.51,0.45,0.19,-0.58,0.96,0.97,0.27,0.16
3,Caris LeVert,CLE,38,0.49,0.53,0.33,0.10,-0.47,0.49,1.03,0.40,0.05
4,Jarrett Allen,CLE,36,0.38,0.66,0.44,-0.22,-0.51,1.34,0.44,0.05,0.22
5,Dean Wade,CLE,16,0.26,0.22,0.07,0.01,-0.04,0.23,0.26,0.03,0.01
6,Isaac Okoro,CLE,43,0.16,0.16,0.07,0.02,-0.08,0.21,0.18,0.09,0.08
7,Kevin Love,CLE,35,0.14,0.21,0.23,-0.02,-0.27,0.47,0.21,0.03,0.03
8,Raul Neto,CLE,27,0.12,0.08,0.04,0.03,-0.03,0.03,0.11,0.05,0.00
9,Lamar Stevens,CLE,27,0.07,0.11,0.05,-0.04,-0.05,0.22,0.13,0.07,0.03
10,Darius Garland,CLE,34,0.07,0.37,0.33,0.09,-0.73,0.26,2.17,0.33,0.00
11,Ricky Rubio,CLE,2,0.04,0.04,0.00,-0.00,0.00,0.01,0.03,0.00,0.00
12,Dylan Windler,CLE,0,0.00,0.00,0.00,0.00,0.00,0.00,0.00,0.00,0.00
13,Isaiah Mobley,CLE,8,0.00,0.00,0.00,0.00,0.00,0.00,0.00,0.00,0.00
14,Robin Lopez,CLE,25,-0.02,0.01,0.02,-0.01,-0.04,0.06,0.02,0.02,0.01
15,Mamadi Diakite,CLE,13,-0.03,-0.02,0.00,0.00,-0.02,0.00,0.00,0.00,0.00
16,Cedi Osman,CLE,40,-0.05,0.07,0.10,0.00,-0.21,0.20,0.34,0.07,0.03
1,Luka Doncic,DAL,38,1.40,1.41,1.11,-0.11,-1.01,1.17,4.07,0.88,0.15
2,Spencer Dinwiddie,DAL,42,1.18,1.35,0.34,-0.00,-0.51,0.26,1.98,0.12,0.14
3,Christian Wood,DAL,40,0.73,0.88,0.48,-0.17,-0.45,0.82,0.50,0.29,0.69
4,Josh Green,DAL,25,0.60,0.68,0.11,-0.00,-0.18,0.14,0.10,0.17,0.00
5,Dwight Powell,DAL,39,0.39,0.38,0.22,-0.08,-0.14,0.45,0.47,0.39,0.08
6,Davis Bertans,DAL,25,0.29,0.33,0.01,-0.00,-0.06,0.03,0.02,0.04,0.02
7,Maxi Kleber,DAL,22,0.28,0.42,0.04,0.03,-0.20,0.20,0.41,0.02,0.09
8,Tim Hardaway Jr.,DAL,40,0.16,0.31,0.42,-0.17,-0.40,0.43,0.92,0.18,0.02
9,Dorian Finney-Smith,DAL,30,0.12,0.51,0.11,-0.12,-0.37,0.47,0.21,0.22,0.12
10,Frank Ntilikina,DAL,25,0.01,0.20,0.04,-0.01,-0.23,0.06,0.16,0.01,0.01
11,Tyler Dorsey,DAL,3,0.00,0.00,0.00,0.00,0.00,0.00,0.00,0.00,0.00
12,A.J. Lawson,DAL,5,0.00,0.00,0.00,0.00,0.00,0.00,0.00,0.00,0.00
13,McKinley Wright IV,DAL,12,-0.00,0.00,0.00,-0.00,-0.00,0.00,0.04,0.02,0.01
14,Theo Pinson,DAL,20,-0.00,0.01,0.00,0.00,-0.02,0.01,0.10,0.00,0.00
15,JaVale McGee,DAL,27,-0.00,0.08,0.03,-0.02,-0.09,0.13,0.01,0.01,0.01
16,Jaden Hardy,DAL,17,-0.04,-0.03,0.01,0.01,-0.02,0.02,0.03,0.01,0.00
17,Facundo Campazzo,DAL,8,-0.05,-0.02,0.00,0.00,-0.03,0.00,0.07,0.05,0.00
18,Kemba Walker,DAL,9,-0.08,-0.04,0.09,-0.09,-0.04,0.04,0.21,0.00,0.09
19,Reggie Bullock,DAL,42,-0.10,-0.11,0.22,0.02,-0.23,0.41,0.32,0.32,0.13
1,Nikola Jokic,DEN,38,1.25,1.31,0.71,0.01,-0.78,1.03,3.16,0.22,0.18
2,Aaron Gordon,DEN,37,1.14,1.14,0.55,-0.10,-0.45,1.05,0.41,0.32,0.19
3,Jamal Murray,DEN,35,1.00,1.23,0.21,0.14,-0.58,0.45,2.20,0.26,0.05
4,Bruce Brown,DEN,39,0.75,0.93,0.11,0.04,-0.33,0.41,1.04,0.27,0.08
5,Michael Porter Jr.,DEN,27,0.53,0.71,0.13,-0.10,-0.21,0.36,0.15,0.07,0.10
6,Bones Hyland,DEN,32,0.50,0.78,0.19,0.07,-0.54,0.23,1.25,0.09,0.04
7,Christian Braun,DEN,38,0.41,0.44,0.03,-0.01,-0.05,0.15,0.09,0.05,0.01
8,Kentavious Caldwell-Pope,DEN,39,0.38,0.54,0.07,-0.01,-0.22,0.40,0.77,0.20,0.07
9,Zeke Nnaji,DEN,32,0.14,0.21,0.04,-0.01,-0.10,0.15,0.09,0.04,0.01
10,Vlatko Cancar,DEN,30,0.11,0.14,0.02,0.02,-0.07,0.07,0.39,0.08,0.08
11,DeAndre Jordan,DEN,27,0.11,0.16,0.05,-0.05,-0.06,0.18,0.11,0.00,0.02
12,Jeff Green,DEN,23,0.05,0.13,0.07,-0.02,-0.12,0.17,0.27,0.06,0.01
13,Peyton Watson,DEN,6,0.00,0.00,0.00,0.00,0.00,0.00,0.00,0.00,0.00
14,Collin Gillespie,DEN,0,0.00,0.00,0.00,0.00,0.00,0.00,0.00,0.00,0.00
15,Jack White,DEN,10,0.00,0.00,0.00,0.00,0.00,0.00,0.00,0.00,0.00
16,Ish Smith,DEN,20,-0.05,-0.02,0.00,0.00,-0.03,0.00,0.08,0.01,0.01
17,Davon Reed,DEN,27,-0.10,-0.01,0.01,-0.01,-0.08,0.05,0.11,0.06,0.00
1,Alec Burks,DET,33,0.70,0.52,0.26,0.10,-0.19,0.22,0.65,0.45,0.03
2,Saddiq Bey,DET,41,0.62,0.69,0.22,-0.06,-0.23,0.30,0.28,0.22,0.00
3,Hamidou Diallo,DET,37,0.39,0.41,0.16,-0.00,-0.18,0.29,0.24,0.12,0.01
4,Kevin Knox II,DET,35,0.38,0.38,0.05,0.02,-0.07,0.24,0.12,0.12,0.07
5,Marvin Bagley III,DET,24,0.31,0.26,0.10,-0.00,-0.06,0.44,0.08,0.09,0.07
6,Isaiah Stewart,DET,36,0.18,0.25,0.11,0.04,-0.22,0.80,0.38,0.06,0.11
7,Jaden Ivey,DET,42,0.18,0.36,0.48,-0.00,-0.66,0.34,0.89,0.17,0.01
8,Cory Joseph,DET,35,0.18,0.18,0.06,0.01,-0.08,0.08,0.83,0.02,0.00
9,Isaiah Livers,DET,24,0.15,0.18,0.04,0.01,-0.08,0.08,0.06,0.08,0.05
10,Bojan Bogdanovic,DET,42,0.09,0.13,0.47,0.10,-0.61,0.35,1.10,0.31,0.01
11,Jalen Duren,DET,38,0.06,0.21,0.27,-0.14,-0.28,1.00,0.31,0.16,0.19
12,Rodney McGruder,DET,19,0.03,0.07,0.01,-0.03,-0.03,0.04,0.04,0.02,0.00
13,Nerlens Noel,DET,10,0.01,0.01,0.00,0.01,-0.01,0.02,0.01,0.04,0.03
14,Killian Hayes,DET,42,0.01,0.36,0.12,0.00,-0.48,0.24,2.55,0.26,0.08
15,Braxton Key,DET,3,0.00,0.00,0.00,0.00,0.00,0.00,0.00,0.00,0.00
16,Buddy Boeheim,DET,1,0.00,0.00,0.00,0.00,0.00,0.00,0.00,0.00,0.00
17,Cade Cunningham,DET,11,-0.43,-0.29,0.07,0.05,-0.25,0.14,0.83,0.13,0.04
1,Stephen Curry,GSW,27,1.33,1.60,0.33,0.27,-0.86,0.55,1.67,0.07,0.07
2,Klay Thompson,GSW,32,0.85,0.99,0.04,0.04,-0.21,0.44,0.57,0.15,0.22
3,Donte DiVincenzo,GSW,32,0.46,0.55,0.07,0.02,-0.17,0.39,0.80,0.52,0.01
4,Jonathan Kuminga,GSW,31,0.44,0.47,0.13,0.05,-0.21,0.27,0.54,0.19,0.14
5,Kevon Looney,GSW,42,0.41,0.45,0.14,-0.04,-0.13,1.32,1.00,0.07,0.09
6,Moses Moody,GSW,34,0.25,0.39,0.05,-0.02,-0.18,0.08,0.05,0.04,0.01
7,Andrew Wiggins,GSW,25,0.23,0.47,0.07,-0.01,-0.30,0.23,0.58,0.14,0.05
8,Ty Jerome,GSW,26,0.22,0.27,0.03,0.01,-0.09,0.09,0.54,0.07,0.01
9,Patrick Baldwin Jr.,GSW,14,0.06,0.08,0.02,0.01,-0.05,0.01,0.02,0.04,0.00
10,James Wiseman,GSW,19,0.02,0.07,0.01,-0.00,-0.05,0.05,0.05,0.02,0.00
11,Andre Iguodala,GSW,3,-0.00,0.00,0.00,0.00,-0.00,0.00,0.00,0.00,0.00
12,Ryan Rollins,GSW,12,-0.01,0.00,0.01,0.01,-0.03,0.00,0.00,0.00,0.00
13,JaMychal Green,GSW,27,-0.08,0.10,0.04,-0.01,-0.21,0.19,0.20,0.02,0.01
14,Anthony Lamb,GSW,33,-0.19,0.02,0.06,0.02,-0.29,0.35,0.77,0.18,0.01
15,Draymond Green,GSW,37,-0.30,0.59,0.10,-0.14,-0.85,0.62,1.76,0.20,0.31
16,Jordan Poole,GSW,41,-0.50,0.41,0.26,0.17,-1.34,0.38,1.61,0.13,0.03
1,Tari Eason,HOU,43,0.30,0.36,0.20,0.05,-0.31,0.59,0.36,0.34,0.09
2,Kenyon Martin Jr.,HOU,42,0.30,0.64,0.19,-0.02,-0.51,0.62,0.50,0.07,0.07
3,Garrison Mathews,HOU,35,0.24,0.10,0.09,0.10,-0.06,0.07,0.26,0.27,0.02
4,Jabari Smith Jr.,HOU,41,0.12,0.22,0.13,0.02,-0.25,0.82,0.31,0.15,0.19
5,Bruno Fernando,HOU,21,0.11,0.18,0.06,-0.02,-0.11,0.25,0.05,0.06,0.02
6,Usman Garuba,HOU,39,0.00,0.20,0.05,-0.01,-0.23,0.40,0.17,0.08,0.06
7,Darius Days,HOU,0,0.00,0.00,0.00,0.00,0.00,0.00,0.00,0.00,0.00
8,Trevor Hudgins,HOU,1,0.00,0.00,0.00,0.00,0.00,0.00,0.00,0.00,0.00
9,Boban Marjanovic,HOU,15,-0.00,0.01,0.00,-0.00,-0.01,0.00,0.00,0.00,0.00
10,Josh Christopher,HOU,25,-0.05,-0.01,0.02,0.01,-0.06,0.03,0.03,0.01,0.01
11,Daishen Nix,HOU,35,-0.06,0.14,0.02,0.00,-0.22,0.07,0.50,0.09,0.03
12,TyTy Washington Jr.,HOU,13,-0.07,-0.05,0.01,-0.01,-0.02,0.02,0.20,0.00,0.00
13,Jae'Sean Tate,HOU,6,-0.10,-0.04,0.02,-0.00,-0.07,0.08,0.12,0.05,0.01
14,Eric Gordon,HOU,36,-0.15,0.31,0.12,0.03,-0.61,0.16,1.01,0.22,0.06
15,Jalen Green,HOU,42,-0.18,0.18,0.49,0.09,-0.94,0.50,0.74,0.22,0.01
16,Alperen Sengun,HOU,37,-0.52,-0.01,0.26,0.00,-0.77,1.01,0.75,0.24,0.15
17,Kevin Porter Jr.,HOU,40,-0.84,-0.40,0.83,-0.10,-1.17,0.68,1.60,0.48,0.19
1,Tyrese Haliburton,IND,39,1.44,1.14,0.54,0.25,-0.49,0.50,4.72,0.55,0.11
2,Myles Turner,IND,33,1.24,1.06,0.62,-0.08,-0.36,0.99,0.35,0.11,0.58
3,Aaron Nesmith,IND,37,1.02,0.53,0.38,0.23,-0.12,0.55,0.24,0.37,0.10
4,Buddy Hield,IND,43,0.57,0.90,0.22,0.07,-0.63,0.66,1.03,0.45,0.17
5,Oshae Brissett,IND,37,0.46,0.34,0.18,0.05,-0.11,0.43,0.15,0.15,0.02
6,Bennedict Mathurin,IND,42,0.44,0.30,0.73,-0.03,-0.56,0.68,0.32,0.23,0.04
7,Andrew Nembhard,IND,39,0.23,0.81,0.02,-0.02,-0.59,0.33,1.19,0.16,0.07
8,Isaiah Jackson,IND,31,0.19,0.28,0.12,-0.03,-0.19,0.33,0.19,0.10,0.15
9,T.J. McConnell,IND,40,0.17,0.35,0.06,0.04,-0.27,0.25,1.40,0.19,0.00
10,Jalen Smith,IND,42,0.14,0.13,0.21,0.06,-0.26,0.61,0.40,0.15,0.12
11,Goga Bitadze,IND,19,0.08,0.11,0.03,-0.04,-0.03,0.08,0.26,0.03,0.02
12,James Johnson,IND,11,0.07,0.07,0.00,0.00,-0.00,0.01,0.07,0.00,0.00
13,Kendall Brown,IND,6,0.01,0.00,0.01,-0.01,0.00,0.01,0.01,0.00,0.00
14,Daniel Theis,IND,0,0.00,0.00,0.00,0.00,0.00,0.00,0.00,0.00,0.00
15,Terry Taylor,IND,20,-0.00,0.00,0.01,0.00,-0.02,0.02,0.06,0.01,0.01
16,Trevelin Queen,IND,3,-0.02,0.00,0.00,0.00,-0.02,0.00,0.00,0.00,0.02
17,Chris Duarte,IND,23,-0.11,-0.01,0.02,-0.01,-0.11,0.06,0.19,0.00,0.00
1,Nicolas Batum,LAC,37,1.10,1.29,0.06,-0.04,-0.20,0.58,0.37,0.21,0.19
2,Norman Powell,LAC,32,0.78,0.65,0.31,-0.01,-0.18,0.15,0.48,0.09,0.07
3,Luke Kennard,LAC,26,0.73,0.75,0.07,0.06,-0.14,0.22,0.43,0.05,0.02
4,Kawhi Leonard,LAC,17,0.52,0.46,0.19,0.07,-0.19,0.25,1.54,0.08,0.02
5,Paul George,LAC,27,0.39,1.04,0.42,0.10,-1.18,0.60,1.69,0.67,0.07
6,Ivica Zubac,LAC,39,0.39,0.71,0.32,-0.12,-0.52,1.07,0.47,0.16,0.21
7,Terance Mann,LAC,40,0.31,0.45,0.09,0.01,-0.24,0.42,0.56,0.08,0.03
8,Moses Brown,LAC,27,0.23,0.25,0.04,-0.04,-0.02,0.25,0.00,0.00,0.02
9,Marcus Morris Sr.,LAC,37,0.14,0.22,0.13,0.06,-0.26,0.40,0.82,0.16,0.14
10,Amir Coffey,LAC,30,0.13,0.10,0.11,0.00,-0.08,0.12,0.03,0.04,0.00
11,Robert Covington,LAC,21,0.11,0.14,0.04,-0.02,-0.06,0.12,0.18,0.05,0.07
12,Moussa Diabate,LAC,7,0.08,0.06,0.04,-0.01,0.00,0.07,0.00,0.04,0.06
13,Brandon Boston Jr.,LAC,15,0.03,0.01,0.05,-0.00,-0.03,0.03,0.03,0.03,0.00
14,Jason Preston,LAC,8,0.00,0.00,0.00,0.00,0.00,0.00,0.01,0.00,0.00
15,John Wall,LAC,32,-0.10,0.40,0.24,-0.05,-0.69,0.20,1.58,0.18,0.04
16,Reggie Jackson,LAC,36,-0.20,0.08,0.16,0.10,-0.55,0.25,1.34,0.06,0.05
1,LeBron James,LAL,32,1.12,1.13,0.72,-0.02,-0.71,0.95,2.54,0.23,0.08
2,Anthony Davis,LAL,22,0.98,0.73,0.59,-0.20,-0.13,0.73,0.55,0.19,0.12
3,Thomas Bryant,LAL,27,0.90,0.89,0.14,-0.01,-0.12,0.54,0.08,0.02,0.10
4,Dennis Schroder,LAL,26,0.86,0.35,0.53,0.19,-0.20,0.17,0.83,0.08,0.00
5,Wenyen Gabriel,LAL,29,0.85,0.75,0.24,-0.02,-0.11,0.30,0.08,0.09,0.08
6,Lonnie Walker IV,LAL,29,0.57,0.48,0.19,0.07,-0.16,0.11,0.15,0.06,0.04
7,Matt Ryan,LAL,10,0.53,0.54,0.00,0.00,-0.01,0.00,0.00,0.00,0.00
8,Austin Reaves,LAL,32,0.40,0.55,0.38,0.01,-0.54,0.20,1.00,0.22,0.06
9,Juan Toscano-Anderson,LAL,21,0.16,0.18,0.02,0.01,-0.05,0.06,0.04,0.04,0.02
10,Max Christie,LAL,22,0.06,0.08,0.00,0.00,-0.02,0.10,0.02,0.00,0.00
11,Troy Brown Jr.,LAL,33,0.04,0.18,0.02,0.01,-0.18,0.32,0.15,0.04,0.03
12,Cole Swider,LAL,4,0.00,0.00,0.00,0.00,0.00,0.00,0.00,0.00,0.00
13,Scotty Pippen Jr.,LAL,4,0.00,0.00,0.00,0.00,0.00,0.00,0.00,0.00,0.00
14,Sterling Brown,LAL,4,0.00,0.00,0.00,0.00,0.00,0.01,0.00,0.00,0.00
15,Damian Jones,LAL,16,-0.01,-0.01,0.03,0.00,-0.03,0.05,0.02,0.01,0.02
16,Kendrick Nunn,LAL,31,-0.10,-0.05,0.02,-0.03,-0.04,0.07,0.08,0.01,0.00
17,Patrick Beverley,LAL,31,-0.16,-0.07,0.02,0.00,-0.12,0.17,0.35,0.41,0.07
18,Russell Westbrook,LAL,37,-0.82,-0.47,0.45,-0.13,-0.67,0.77,2.17,0.31,0.19
1,Desmond Bane,MEM,22,0.71,0.77,0.22,0.06,-0.34,0.22,0.64,0.05,0.01
2,Tyus Jones,MEM,42,0.59,0.58,0.10,0.07,-0.17,0.23,1.52,0.14,0.00
3,Dillon Brooks,MEM,38,0.45,0.49,0.11,0.05,-0.21,0.25,0.41,0.10,0.00
4,John Konchar,MEM,39,0.35,0.39,0.05,0.02,-0.12,0.39,0.29,0.14,0.01
5,Santi Aldama,MEM,39,0.24,0.25,0.12,-0.04,-0.09,0.27,0.22,0.15,0.07
6,David Roddy,MEM,35,0.23,0.34,0.03,-0.01,-0.12,0.14,0.09,0.07,0.03
7,Brandon Clarke,MEM,35,0.19,0.33,0.13,-0.00,-0.27,0.30,0.17,0.08,0.07
8,Jaren Jackson Jr.,MEM,26,0.15,0.14,0.12,0.03,-0.14,0.28,0.07,0.06,0.14
9,Steven Adams,MEM,37,0.09,0.36,0.18,-0.16,-0.27,1.42,0.49,0.14,0.14
10,Ja Morant,MEM,32,0.06,0.14,0.88,-0.19,-0.77,0.51,1.28,0.09,0.06
11,Kennedy Chandler,MEM,20,0.01,0.06,0.00,-0.00,-0.05,0.02,0.08,0.06,0.01
12,Danny Green,MEM,0,0.00,0.00,0.00,0.00,0.00,0.00,0.00,0.00,0.00
13,Kenneth Lofton Jr.,MEM,6,0.00,0.00,0.00,0.00,0.00,0.00,0.00,0.00,0.00
14,Ziaire Williams,MEM,16,-0.00,0.02,0.02,-0.02,-0.03,0.03,0.00,0.02,0.03
15,Xavier Tillman,MEM,25,-0.01,0.03,0.01,-0.01,-0.03,0.15,0.15,0.08,0.01
16,Jake LaRavia,MEM,23,-0.01,0.02,0.02,0.01,-0.06,0.10,0.17,0.08,0.02
17,Vince Williams Jr.,MEM,8,-0.01,-0.01,0.00,0.00,0.00,0.01,0.00,0.01,0.00
1,Tyler Herro,MIA,32,1.55,1.93,0.34,0.15,-0.87,0.60,1.26,0.26,0.08
2,Bam Adebayo,MIA,39,1.40,1.04,1.00,0.43,-1.06,1.48,1.58,0.64,0.07
3,Jimmy Butler,MIA,30,1.30,0.67,0.98,0.27,-0.62,0.69,1.76,0.51,0.28
4,Victor Oladipo,MIA,17,0.46,0.43,0.32,-0.07,-0.22,0.25,1.31,0.37,0.03
5,Duncan Robinson,MIA,28,0.36,0.40,0.08,0.04,-0.16,0.08,0.28,0.03,0.00
6,Gabe Vincent,MIA,30,0.36,0.44,0.26,0.11,-0.45,0.38,0.80,0.49,0.01
7,Max Strus,MIA,42,0.32,0.62,0.11,0.01,-0.43,0.45,0.94,0.20,0.13
8,Dewayne Dedmon,MIA,29,0.29,0.35,0.12,-0.06,-0.12,0.22,0.28,0.02,0.10
9,Haywood Highsmith,MIA,31,0.19,0.33,0.13,-0.07,-0.19,0.58,0.23,0.19,0.03
10,Kyle Lowry,MIA,36,0.12,0.46,0.32,0.09,-0.74,0.54,2.81,0.33,0.18
11,Jamal Cain,MIA,13,0.08,0.05,0.03,0.03,-0.04,0.07,0.11,0.01,0.00
12,Omer Yurtseven,MIA,0,0.00,0.00,0.00,0.00,0.00,0.00,0.00,0.00,0.00
13,Orlando O. Robinson,MIA,0,0.00,0.00,0.00,0.00,0.00,0.00,0.00,0.00,0.00
14,Duncan D. Robinson,MIA,0,0.00,0.00,0.00,0.00,0.00,0.00,0.00,0.00,0.00
15,Udonis Haslem,MIA,5,-0.01,-0.01,0.00,0.00,0.00,0.00,0.00,0.00,0.00
16,Dru Smith,MIA,5,-0.01,-0.01,0.00,0.00,0.00,0.01,0.04,0.00,0.01
17,Nikola Jovic,MIA,14,-0.01,-0.00,0.01,0.01,-0.03,0.04,0.02,0.04,0.01
18,Caleb Martin,MIA,33,-0.08,0.26,0.14,-0.03,-0.46,0.53,0.54,0.53,0.11
19,Orlando Robinson,MIA,16,-0.14,0.07,0.07,-0.00,-0.27,0.35,0.21,0.04,0.12
1,Brook Lopez,MIL,41,1.07,1.01,0.75,-0.23,-0.46,1.06,0.59,0.09,0.48
2,Giannis Antetokounmpo,MIL,34,0.74,1.10,1.17,-0.41,-1.12,1.51,2.19,0.08,0.10
3,Bobby Portis,MIL,40,0.73,0.86,0.11,0.01,-0.24,0.92,0.32,0.13,0.07
4,Jrue Holiday,MIL,32,0.34,0.94,0.21,0.10,-0.91,0.51,1.78,0.32,0.00
5,George Hill,MIL,30,0.29,0.27,0.14,0.04,-0.16,0.11,0.89,0.13,0.00
6,Pat Connaughton,MIL,27,0.26,0.35,0.02,-0.03,-0.09,0.28,0.21,0.08,0.00
7,Jordan Nwora,MIL,28,0.22,0.17,0.08,0.01,-0.04,0.12,0.09,0.03,0.02
8,Wesley Matthews,MIL,26,0.20,0.23,0.01,-0.01,-0.04,0.38,0.10,0.08,0.01
9,AJ Green,MIL,19,0.04,0.04,0.00,0.00,-0.01,0.01,0.00,0.02,0.00
10,Serge Ibaka,MIL,16,0.03,0.02,0.00,0.03,-0.02,0.03,0.01,0.00,0.00
11,Grayson Allen,MIL,38,0.02,0.40,0.12,0.05,-0.55,0.34,1.16,0.17,0.03
12,MarJon Beauchamp,MIL,29,0.01,0.10,0.01,-0.00,-0.09,0.17,0.06,0.05,0.00
13,Sandro Mamukelashvili,MIL,19,0.01,0.01,0.02,-0.01,-0.01,0.04,0.07,0.00,0.00
14,A.J. Green,MIL,1,0.00,0.00,0.00,0.00,0.00,0.00,0.00,0.00,0.00
15,Thanasis Antetokounmpo,MIL,20,-0.02,-0.00,0.00,0.00,-0.02,0.01,0.00,0.00,0.01
16,Khris Middleton,MIL,7,-0.13,-0.15,0.03,0.01,-0.01,0.01,0.12,0.02,0.01
17,Joe Ingles,MIL,12,-0.13,0.03,0.00,0.00,-0.17,0.04,0.32,0.00,0.00
18,Jevon Carter,MIL,42,-0.29,0.02,0.04,0.01,-0.36,0.25,0.50,0.17,0.08
1,Rudy Gobert,MIN,36,1.11,0.91,0.57,-0.10,-0.27,1.01,0.17,0.20,0.27
2,D'Angelo Russell,MIN,41,0.97,1.30,0.29,0.09,-0.71,0.27,1.48,0.35,0.05
3,Jaylen Nowell,MIN,42,0.55,0.61,0.10,-0.01,-0.16,0.21,0.88,0.14,0.11
4,Jaden McDaniels,MIN,39,0.43,0.46,0.23,0.06,-0.33,0.30,0.71,0.17,0.15
5,Austin Rivers,MIN,33,0.33,0.41,0.07,0.02,-0.17,0.10,0.50,0.13,0.01
6,Luka Garza,MIN,11,0.24,0.19,0.06,0.02,-0.03,0.04,0.02,0.00,0.01
7,Anthony Edwards,MIN,42,0.24,0.79,0.33,0.04,-0.91,0.52,1.34,0.57,0.28
8,Taurean Prince,MIN,23,0.19,0.31,0.04,-0.01,-0.16,0.14,0.13,0.05,0.00
9,Jordan McLaughlin,MIN,18,0.14,0.23,0.02,0.01,-0.11,0.05,0.30,0.08,0.00
10,Wendell Moore Jr.,MIN,16,0.04,0.07,0.00,0.00,-0.04,0.02,0.01,0.00,0.01
11,Nathan Knight,MIN,18,0.02,0.03,0.03,-0.01,-0.03,0.04,0.06,0.00,0.01
12,Naz Reid,MIN,35,0.01,0.45,0.05,-0.03,-0.46,0.44,0.30,0.11,0.09
13,Matt Ryan,MIN,11,0.00,0.01,0.00,0.00,-0.01,0.01,0.01,0.01,0.00
14,Josh Minott,MIN,6,0.00,0.00,0.00,0.00,0.00,0.00,0.00,0.00,0.00
15,A.J. Lawson,MIN,1,0.00,0.00,0.00,0.00,0.00,0.00,0.00,0.00,0.00
16,Bryn Forbes,MIN,21,-0.07,-0.04,0.01,0.01,-0.05,0.02,0.07,0.01,0.00
17,Kyle Anderson,MIN,32,-0.12,0.08,0.08,0.00,-0.28,0.29,1.01,0.21,0.10
18,Karl-Anthony Towns,MIN,21,-0.20,-0.07,0.14,0.03,-0.31,0.41,0.51,0.03,0.06
1,Zion Williamson,NOP,28,2.23,1.61,1.20,0.06,-0.64,0.44,1.65,0.41,0.16
2,Trey Murphy III,NOP,37,1.52,1.50,0.20,0.11,-0.30,0.45,0.68,0.18,0.07
3,Brandon Ingram,NOP,14,0.52,0.44,0.19,0.07,-0.18,0.08,0.46,0.03,0.05
4,Larry Nance Jr.,NOP,33,0.38,0.46,0.16,-0.10,-0.14,0.82,0.77,0.24,0.28
5,Jonas Valanciunas,NOP,43,0.20,0.35,0.16,0.05,-0.36,0.90,0.29,0.05,0.08
6,Jaxson Hayes,NOP,22,0.18,0.11,0.14,-0.04,-0.02,0.07,0.15,0.03,0.03
7,Jose Alvarado,NOP,40,0.17,0.46,0.09,-0.05,-0.34,0.21,0.51,0.23,0.02
8,Herbert Jones,NOP,29,0.07,0.09,0.29,-0.04,-0.27,0.29,0.75,0.19,0.06
9,Willy Hernangomez,NOP,20,0.01,0.00,0.06,0.03,-0.09,0.09,0.06,0.01,0.00
10,Kira Lewis Jr.,NOP,5,0.01,0.01,0.00,0.00,0.00,0.00,0.00,0.00,0.00
11,Garrett Temple,NOP,13,0.00,0.00,0.00,0.00,-0.00,0.00,0.01,0.01,0.00
12,E.J. Liddell,NOP,0,0.00,0.00,0.00,0.00,0.00,0.00,0.00,0.00,0.00
13,Dereon Seabron,NOP,4,0.00,0.00,0.00,0.00,0.00,0.00,0.00,0.00,0.00
14,CJ McCollum,NOP,37,-0.00,0.91,0.24,-0.03,-1.12,0.72,2.14,0.40,0.24
15,Naji Marshall,NOP,40,-0.02,0.08,0.22,0.02,-0.33,0.46,0.53,0.23,0.02
16,Devonte' Graham,NOP,43,-0.04,-0.03,0.11,-0.01,-0.11,0.13,0.40,0.10,0.05
17,Dyson Daniels,NOP,33,-0.06,0.06,0.04,-0.03,-0.13,0.32,0.32,0.29,0.05
1,Jalen Brunson,NYK,39,1.63,1.24,0.72,0.12,-0.45,0.27,2.35,0.21,0.05
2,Cam Reddish,NYK,19,0.68,0.65,0.07,0.03,-0.06,0.07,0.11,0.20,0.07
3,Obi Toppin,NYK,28,0.45,0.50,0.03,-0.02,-0.06,0.12,0.04,0.03,0.01
4,Mitchell Robinson,NYK,36,0.42,0.44,0.16,-0.14,-0.05,1.12,0.24,0.19,0.41
5,Isaiah Hartenstein,NYK,41,0.40,0.35,0.13,0.02,-0.10,0.43,0.20,0.09,0.09
6,Jericho Sims,NYK,29,0.36,0.28,0.06,0.01,-0.00,0.32,0.12,0.01,0.12
7,Quentin Grimes,NYK,31,0.34,0.52,0.10,-0.02,-0.26,0.40,0.22,0.23,0.03
8,Julius Randle,NYK,43,0.19,0.25,0.85,-0.07,-0.85,1.29,1.94,0.41,0.13
9,Immanuel Quickley,NYK,42,0.17,0.28,0.15,0.03,-0.29,0.25,0.62,0.24,0.00
10,Derrick Rose,NYK,24,0.07,0.14,0.01,0.00,-0.08,0.03,0.19,0.03,0.02
11,Miles McBride,NYK,31,0.04,0.02,0.03,0.03,-0.04,0.03,0.08,0.09,0.01
12,Ryan Arcidiacono,NYK,9,0.00,0.00,0.00,0.00,0.00,0.00,0.00,0.00,0.00
13,Svi Mykhailiuk,NYK,11,0.00,0.00,0.00,0.00,0.00,0.00,0.00,0.00,0.00
14,Feron Hunt,NYK,0,0.00,0.00,0.00,0.00,0.00,0.00,0.00,0.00,0.00
15,Trevor Keels,NYK,1,0.00,0.00,0.00,0.00,0.00,0.00,0.00,0.00,0.00
16,DaQuan Jeffries,NYK,0,0.00,0.00,0.00,0.00,0.00,0.00,0.00,0.00,0.00
17,Evan Fournier,NYK,18,-0.03,0.02,0.01,-0.00,-0.06,0.06,0.16,0.03,0.00
18,RJ Barrett,NYK,37,-0.08,0.08,0.55,-0.05,-0.66,0.74,0.75,0.07,0.08
1,Shai Gilgeous-Alexander,OKC,38,2.15,1.66,1.17,0.74,-1.42,0.57,2.27,0.38,0.14
2,Jalen Williams,OKC,39,0.99,0.44,0.42,0.39,-0.26,0.43,1.58,0.32,0.17
3,Isaiah Joe,OKC,35,0.72,0.70,0.03,0.01,-0.02,0.18,0.25,0.15,0.00
4,Jeremiah Robinson-Earl,OKC,26,0.50,0.63,0.03,0.02,-0.18,0.32,0.31,0.13,0.04
5,Kenrich Williams,OKC,34,0.48,0.74,0.06,-0.12,-0.19,0.53,0.46,0.09,0.01
6,Josh Giddey,OKC,39,0.35,1.08,0.23,-0.00,-0.95,1.54,1.78,0.14,0.06
7,Mike Muscala,OKC,33,0.29,0.24,0.11,0.02,-0.07,0.19,0.22,0.04,0.08
8,Aaron Wiggins,OKC,32,0.12,0.38,0.06,0.02,-0.33,0.35,0.20,0.06,0.00
9,Darius Bazley,OKC,28,0.08,0.12,0.08,-0.04,-0.07,0.25,0.27,0.14,0.10
10,Lindy Waters III,OKC,18,0.07,0.10,0.00,0.00,-0.03,0.04,0.14,0.02,0.00
11,Chet Holmgren,OKC,0,0.00,0.00,0.00,0.00,0.00,0.00,0.00,0.00,0.00
12,Tre Mann,OKC,38,-0.01,0.11,0.07,0.02,-0.21,0.31,0.53,0.26,0.05
13,Eugene Omoruyi,OKC,19,-0.02,-0.01,0.05,0.01,-0.06,0.11,0.07,0.08,0.00
14,Ousmane Dieng,OKC,14,-0.02,0.04,0.01,-0.01,-0.06,0.12,0.14,0.04,0.01
15,Jaylin Williams,OKC,11,-0.05,-0.04,0.01,0.00,-0.01,0.06,0.09,0.01,0.01
16,Aleksej Pokusevski,OKC,30,-0.06,0.09,0.15,-0.10,-0.21,0.39,0.79,0.39,0.18
17,Luguentz Dort,OKC,43,-0.35,0.05,0.42,0.08,-0.90,0.70,0.81,0.46,0.02
1,Jalen Suggs,ORL,20,0.56,0.71,0.10,0.04,-0.29,0.18,0.67,0.19,0.08
2,Chuma Okeke,ORL,17,0.46,0.46,0.04,0.04,-0.08,0.15,0.13,0.09,0.05
3,Paolo Banchero,ORL,36,0.44,0.24,0.77,0.16,-0.72,0.53,0.99,0.18,0.04
4,Bol Bol,ORL,37,0.43,0.59,0.09,0.01,-0.26,0.65,0.23,0.04,0.10
5,Admiral Schofield,ORL,23,0.36,0.29,0.05,0.02,0.00,0.08,0.08,0.03,0.00
6,Moritz Wagner,ORL,23,0.31,0.21,0.24,0.12,-0.25,0.44,0.38,0.11,0.00
7,Wendell Carter Jr.,ORL,24,0.26,0.41,0.18,0.06,-0.39,0.64,0.47,0.09,0.01
8,R.J. Hampton,ORL,25,0.26,0.25,0.07,0.02,-0.08,0.09,0.22,0.03,0.02
9,Mo Bamba,ORL,31,0.26,0.24,0.09,-0.00,-0.07,0.35,0.35,0.14,0.08
10,Franz Wagner,ORL,43,0.12,0.60,0.18,0.06,-0.72,0.53,0.96,0.20,0.04
11,Markelle Fultz,ORL,23,0.09,0.46,0.29,-0.20,-0.46,0.53,0.89,0.31,0.00
12,Caleb Houstan,ORL,29,0.04,-0.04,0.07,0.02,-0.01,0.05,0.05,0.04,0.00
13,Gary Harris,ORL,15,0.03,0.06,0.01,0.01,-0.04,0.03,0.03,0.04,0.01
14,Jonathan Isaac,ORL,0,0.00,0.00,0.00,0.00,0.00,0.00,0.00,0.00,0.00
15,Kevon Harris,ORL,25,-0.04,0.02,0.04,-0.03,-0.07,0.26,0.18,0.08,0.01
16,Cole Anthony,ORL,25,-0.04,0.12,0.15,-0.09,-0.22,0.18,0.83,0.01,0.03
17,Terrence Ross,ORL,40,-0.05,0.12,0.05,-0.03,-0.19,0.16,0.21,0.07,0.02
1,Joel Embiid,PHI,32,1.27,1.41,1.10,-0.03,-1.21,0.87,1.52,0.48,0.34
2,Georges Niang,PHI,41,1.16,1.04,0.14,0.07,-0.09,0.19,0.48,0.07,0.27
3,Tobias Harris,PHI,38,0.62,1.03,0.09,0.02,-0.51,0.76,0.73,0.29,0.08
4,Shake Milton,PHI,39,0.49,0.60,0.15,-0.00,-0.26,0.16,0.75,0.05,0.01
5,De'Anthony Melton,PHI,39,0.35,0.88,0.04,-0.01,-0.56,0.79,0.74,0.62,0.06
6,Montrezl Harrell,PHI,38,0.23,0.27,0.19,-0.13,-0.11,0.45,0.20,0.06,0.09
7,Paul Reed,PHI,34,0.17,0.18,0.05,-0.02,-0.04,0.19,0.07,0.08,0.07
8,Matisse Thybulle,PHI,38,0.09,0.12,0.00,0.00,-0.02,0.18,0.11,0.10,0.06
9,P.J. Tucker,PHI,41,0.01,0.08,0.15,0.06,-0.28,0.54,0.44,0.19,0.03
10,Jaden Springer,PHI,5,0.00,0.00,0.00,0.00,0.00,0.00,0.00,0.00,0.00
11,Julian Champagnie,PHI,2,0.00,0.00,0.00,0.00,0.00,0.00,0.00,0.00,0.00
12,Michael Foster Jr.,PHI,1,0.00,0.00,0.00,0.00,0.00,0.00,0.00,0.00,0.00
13,Saben Lee,PHI,2,0.00,0.00,0.00,0.00,0.00,0.00,0.00,0.00,0.00
14,Louis King,PHI,0,0.00,0.00,0.00,0.00,0.00,0.00,0.00,0.00,0.00
15,Furkan Korkmaz,PHI,21,-0.03,0.00,0.02,-0.00,-0.05,0.05,0.06,0.03,0.01
16,Danuel House Jr.,PHI,31,-0.12,-0.04,0.05,-0.02,-0.10,0.08,0.19,0.02,0.02
17,James Harden,PHI,28,-0.23,0.38,0.47,-0.03,-1.05,0.54,3.28,0.43,0.27
18,Tyrese Maxey,PHI,24,-0.42,-0.19,0.19,-0.02,-0.39,0.19,0.69,0.17,0.00
1,Damion Lee,PHX,44,1.03,1.04,0.17,0.13,-0.31,0.39,0.26,0.18,0.04
2,Landry Shamet,PHX,29,0.38,0.35,0.08,0.01,-0.07,0.05,0.38,0.08,0.02
3,Chris Paul,PHX,26,0.36,0.53,0.16,-0.03,-0.30,0.34,2.13,0.29,0.00
4,Devin Booker,PHX,28,0.29,0.18,0.48,0.01,-0.38,0.38,1.38,0.17,0.02
5,Duane Washington Jr.,PHX,25,0.25,0.33,0.01,0.01,-0.10,0.04,0.19,0.01,0.00
6,Deandre Ayton,PHX,38,0.20,0.47,0.47,-0.22,-0.53,1.69,0.71,0.41,0.26
7,Jock Landale,PHX,35,0.19,0.26,0.13,0.02,-0.22,0.25,0.19,0.01,0.05
8,Torrey Craig,PHX,40,0.18,0.35,0.08,0.05,-0.30,0.78,0.28,0.13,0.10
9,Josh Okogie,PHX,36,0.09,-0.02,0.14,-0.01,-0.03,0.22,0.17,0.04,0.00
10,Bismack Biyombo,PHX,33,0.09,0.23,0.06,-0.06,-0.15,0.18,0.19,0.01,0.15
11,Cameron Johnson,PHX,8,0.03,0.04,0.00,0.00,-0.01,0.03,0.03,0.05,0.00
12,Ish Wainright,PHX,26,0.02,0.13,0.00,-0.00,-0.11,0.07,0.11,0.07,0.01
13,Saben Lee,PHX,2,0.00,0.00,0.00,0.00,0.00,0.00,0.00,0.00,0.00
14,Jae Crowder,PHX,0,0.00,0.00,0.00,0.00,0.00,0.00,0.00,0.00,0.00
15,Dario Saric,PHX,22,-0.07,-0.04,0.02,0.01,-0.06,0.04,0.19,0.02,0.01
16,Cameron Payne,PHX,27,-0.21,0.23,0.07,-0.05,-0.46,0.11,1.12,0.19,0.00
17,Mikal Bridges,PHX,43,-0.50,-0.17,0.24,0.07,-0.65,0.61,1.02,0.30,0.20
1,Jerami Grant,POR,39,1.76,1.67,0.78,-0.06,-0.64,0.58,1.27,0.24,0.17
2,Damian Lillard,POR,30,1.45,1.52,0.82,0.35,-1.25,0.56,2.69,0.28,0.16
3,Anfernee Simons,POR,39,1.36,1.38,0.61,0.38,-1.01,0.31,1.28,0.19,0.06
4,Drew Eubanks,POR,38,0.60,0.55,0.20,0.03,-0.19,0.43,0.22,0.12,0.14
5,Jusuf Nurkic,POR,36,0.44,0.69,0.59,0.05,-0.90,1.31,0.78,0.16,0.31
6,Keon Johnson,POR,22,0.17,0.21,0.00,-0.00,-0.04,0.09,0.09,0.02,0.02
7,Shaedon Sharpe,POR,42,0.15,0.18,0.06,0.02,-0.11,0.20,0.21,0.07,0.02
8,Trendon Watford,POR,28,0.15,0.28,0.08,0.05,-0.27,0.27,0.53,0.11,0.03
9,Nassir Little,POR,22,0.14,0.18,0.07,-0.01,-0.09,0.12,0.15,0.02,0.03
10,Greg Brown III,POR,12,0.04,0.01,0.02,0.01,0.00,0.03,0.00,0.00,0.00
11,Jabari Walker,POR,26,0.02,0.04,0.06,-0.00,-0.07,0.15,0.11,0.03,0.01
12,Gary Payton II,POR,5,0.01,0.01,0.00,0.00,-0.00,0.01,0.08,0.01,0.00
13,Olivier Sarr,POR,0,0.00,0.00,0.00,0.00,0.00,0.00,0.00,0.00,0.00
14,John Butler Jr.,POR,4,0.00,0.00,0.00,0.00,0.00,0.00,0.00,0.00,0.00
15,Ibou Badji,POR,0,0.00,0.00,0.00,0.00,0.00,0.00,0.00,0.00,0.00
16,Justise Winslow,POR,29,-0.22,0.06,0.05,-0.01,-0.33,0.59,1.19,0.20,0.02
17,Josh Hart,POR,40,-0.30,0.32,0.20,-0.03,-0.79,1.08,1.60,0.46,0.05
1,De'Aaron Fox,SAC,36,2.23,2.74,0.52,0.11,-1.14,0.36,1.99,0.41,0.11
2,Kevin Huerter,SAC,36,1.21,1.50,0.17,-0.03,-0.43,0.39,0.70,0.32,0.08
3,Domantas Sabonis,SAC,39,0.99,1.01,0.74,-0.07,-0.70,1.29,2.51,0.43,0.13
4,Malik Monk,SAC,39,0.72,0.67,0.54,0.16,-0.65,0.21,1.29,0.11,0.04
5,Harrison Barnes,SAC,40,0.60,0.33,0.38,0.06,-0.16,0.68,0.35,0.09,0.02
6,Keegan Murray,SAC,38,0.48,0.47,0.13,0.03,-0.15,0.37,0.74,0.08,0.07
7,Davion Mitchell,SAC,39,0.34,0.59,0.03,0.00,-0.28,0.19,0.74,0.22,0.02
8,Chimezie Metu,SAC,29,0.29,0.30,0.02,0.02,-0.05,0.08,0.24,0.03,0.01
9,Trey Lyles,SAC,33,0.10,0.20,0.17,0.08,-0.34,0.53,0.42,0.05,0.18
10,Richaun Holmes,SAC,27,0.08,0.12,0.01,0.00,-0.05,0.15,0.11,0.00,0.04
11,Matthew Dellavedova,SAC,18,0.05,0.07,0.00,0.00,-0.02,0.02,0.11,0.07,0.00
12,Terence Davis,SAC,32,0.04,0.18,0.06,0.02,-0.23,0.29,0.27,0.21,0.04
13,Keon Ellis,SAC,5,0.00,0.00,0.00,0.00,0.00,0.00,0.00,0.00,0.00
14,PJ Dozier,SAC,3,0.00,0.00,0.00,0.00,0.00,0.00,0.00,0.00,0.00
15,Alex Len,SAC,10,-0.01,0.00,0.00,-0.00,-0.00,0.01,0.00,0.00,0.00
16,Chima Moneke,SAC,2,-0.01,-0.01,0.00,0.00,0.00,0.00,0.00,0.00,0.00
17,Neemias Queta,SAC,3,-0.02,0.00,0.00,0.00,-0.02,0.00,0.00,0.00,0.00
18,KZ Okpala,SAC,29,-0.02,0.00,0.00,0.00,-0.02,0.06,0.04,0.07,0.00
1,Doug McDermott,SAS,36,0.52,0.53,0.09,0.02,-0.12,0.07,0.28,0.06,0.01
2,Jakob Poeltl,SAS,34,0.40,0.62,0.19,-0.06,-0.35,0.71,0.44,0.13,0.08
3,Devin Vassell,SAS,28,0.36,0.28,0.35,-0.01,-0.26,0.12,0.56,0.10,0.03
4,Stanley Johnson,SAS,16,0.24,0.26,0.02,-0.01,-0.04,0.03,0.23,0.00,0.00
5,Romeo Langford,SAS,29,0.22,0.24,0.05,0.03,-0.10,0.17,0.16,0.04,0.03
6,Josh Richardson,SAS,31,0.19,0.44,0.09,0.02,-0.36,0.11,0.88,0.11,0.01
7,Keita Bates-Diop,SAS,30,0.17,0.09,0.11,0.03,-0.06,0.18,0.12,0.09,0.00
8,Zach Collins,SAS,33,0.10,0.42,0.19,-0.02,-0.49,0.31,0.34,0.03,0.07
9,Blake Wesley,SAS,4,0.09,0.09,0.00,-0.00,-0.01,0.00,0.07,0.00,0.00
10,Isaiah Roby,SAS,31,0.01,0.03,0.02,-0.01,-0.04,0.03,0.11,0.02,0.01
11,Dominick Barlow,SAS,4,0.00,0.00,0.00,0.00,0.00,0.00,0.00,0.00,0.00
12,Gorgui Dieng,SAS,14,-0.00,0.00,0.00,0.00,-0.00,0.01,0.07,0.00,0.01
13,Alize Johnson,SAS,4,-0.00,0.00,0.00,0.00,-0.00,0.00,0.01,0.00,0.00
14,Charles Bassey,SAS,21,-0.01,0.14,0.02,0.01,-0.17,0.16,0.09,0.05,0.08
15,Jordan Hall,SAS,9,-0.02,-0.00,0.00,0.00,-0.01,0.00,0.02,0.00,0.00
16,Joshua Primo,SAS,4,-0.02,-0.02,0.00,-0.00,-0.01,0.00,0.07,0.00,0.02
17,Jeremy Sochan,SAS,36,-0.10,0.03,0.08,0.06,-0.27,0.26,0.31,0.21,0.10
18,Malaki Branham,SAS,29,-0.12,0.01,0.02,-0.01,-0.15,0.08,0.21,0.03,0.01
19,Tre Jones,SAS,41,-0.33,0.02,0.40,-0.11,-0.64,0.30,1.61,0.29,0.00
20,Keldon Johnson,SAS,35,-0.52,-0.40,0.43,-0.02,-0.53,0.32,0.46,0.10,0.16
1,O.G. Anunoby,TOR,39,1.01,0.68,0.45,0.29,-0.42,0.69,0.41,0.58,0.19
2,Scottie Barnes,TOR,39,0.58,0.62,0.28,0.19,-0.50,0.72,1.66,0.11,0.11
3,Gary Trent Jr.,TOR,36,0.54,0.68,0.16,0.03,-0.34,0.18,0.31,0.25,0.03
4,Chris Boucher,TOR,36,0.34,0.26,0.20,-0.02,-0.11,0.44,0.11,0.19,0.07
5,Thaddeus Young,TOR,34,0.30,0.38,0.07,0.04,-0.19,0.74,0.44,0.25,0.02
6,Fred VanVleet,TOR,35,0.24,0.02,0.28,0.18,-0.25,0.30,1.84,0.42,0.17
7,Christian Koloko,TOR,39,0.21,0.22,0.09,-0.05,-0.05,0.55,0.13,0.00,0.18
8,Dalano Banton,TOR,21,0.15,0.14,0.04,0.03,-0.06,0.03,0.15,0.08,0.02
9,Juancho Hernangomez,TOR,30,0.10,0.16,0.04,-0.02,-0.09,0.25,0.06,0.02,0.00
10,Otto Porter Jr.,TOR,8,0.05,0.13,0.02,0.02,-0.12,0.04,0.02,0.12,0.00
11,Khem Birch,TOR,20,0.02,0.01,0.01,0.00,-0.01,0.06,0.02,0.05,0.02
12,Jeff Dowtin Jr.,TOR,11,0.00,0.04,0.00,0.00,-0.04,0.08,0.07,0.02,0.03
13,Jeff Dowtin,TOR,0,0.00,0.00,0.00,0.00,0.00,0.00,0.00,0.00,0.00
14,Justin Champagnie,TOR,3,0.00,0.00,0.00,0.00,0.00,0.00,0.00,0.00,0.00
15,Ron Harper Jr.,TOR,2,0.00,0.00,0.00,0.00,0.00,0.00,0.00,0.00,0.00
16,Joe Wieskamp,TOR,0,0.00,0.00,0.00,0.00,0.00,0.00,0.00,0.00,0.00
17,Precious Achiuwa,TOR,18,-0.01,0.13,0.04,-0.02,-0.15,0.26,0.16,0.02,0.08
18,Malachi Flynn,TOR,31,-0.07,-0.00,0.05,-0.02,-0.09,0.13,0.25,0.02,0.03
19,Pascal Siakam,TOR,32,-0.12,-0.11,0.57,0.02,-0.61,0.47,1.63,0.06,0.04
1,Jordan Clarkson,UTA,44,1.67,1.70,1.03,0.14,-1.20,0.85,2.87,0.15,0.02
2,Lauri Markkanen,UTA,40,1.44,0.81,0.93,0.68,-0.99,1.30,0.90,0.29,0.23
3,Walker Kessler,UTA,42,0.84,0.89,0.15,-0.02,-0.18,1.41,0.32,0.04,0.37
4,Kelly Olynyk,UTA,38,0.72,1.04,0.30,0.02,-0.64,1.01,1.31,0.29,0.15
5,Simone Fontecchio,UTA,22,0.71,0.75,0.04,0.01,-0.09,0.10,0.14,0.00,0.02
6,Malik Beasley,UTA,43,0.47,0.71,0.09,0.07,-0.41,0.36,1.14,0.36,0.07
7,Collin Sexton,UTA,31,0.40,0.65,0.29,-0.09,-0.44,0.17,0.97,0.18,0.05
8,Jarred Vanderbilt,UTA,43,0.29,0.55,0.16,-0.03,-0.39,1.26,1.11,0.46,0.01
9,Ochai Agbaji,UTA,21,0.26,0.21,0.09,-0.02,-0.01,0.11,0.05,0.01,0.01
10,Mike Conley,UTA,33,0.11,0.39,0.28,0.00,-0.56,0.32,2.72,0.27,0.05
11,Talen Horton-Tucker,UTA,34,0.04,0.08,0.27,-0.05,-0.25,0.22,0.83,0.17,0.06
12,Udoka Azubuike,UTA,14,0.01,0.04,0.02,-0.05,0.00,0.02,0.01,0.00,0.00
13,Johnny Juzang,UTA,0,0.00,0.00,0.00,0.00,0.00,0.00,0.00,0.00,0.00
14,Micah Potter,UTA,3,0.00,0.00,0.00,0.00,0.00,0.00,0.00,0.00,0.00
15,Leandro Bolmaro,UTA,9,-0.01,-0.01,0.00,0.00,0.00,0.01,0.09,0.00,0.00
16,Nickeil Alexander-Walker,UTA,29,-0.01,0.25,0.09,-0.03,-0.32,0.15,0.42,0.21,0.06
17,Rudy Gay,UTA,30,-0.08,-0.04,0.03,0.00,-0.07,0.19,0.30,0.09,0.09
1,Kyle Kuzma,WAS,41,0.87,1.22,0.49,-0.17,-0.66,0.73,0.99,0.14,0.02
2,Bradley Beal,WAS,24,0.70,1.44,0.38,0.11,-1.24,0.27,1.04,0.08,0.02
3,Daniel Gafford,WAS,42,0.46,0.50,0.13,-0.00,-0.17,0.63,0.13,0.15,0.12
4,Will Barton,WAS,36,0.33,0.52,0.06,0.00,-0.25,0.19,0.63,0.16,0.02
5,Rui Hachimura,WAS,26,0.31,0.31,0.14,0.00,-0.14,0.19,0.12,0.08,0.01
6,Corey Kispert,WAS,35,0.18,0.31,0.04,0.00,-0.18,0.26,0.48,0.20,0.04
7,Jordan Goodwin,WAS,34,0.14,0.16,0.15,0.03,-0.18,0.33,0.72,0.27,0.11
8,Delon Wright,WAS,14,0.09,0.09,0.03,0.01,-0.04,0.05,0.29,0.23,0.05
9,Anthony Gill,WAS,33,0.08,0.14,0.02,-0.01,-0.07,0.03,0.23,0.05,0.03
10,Taj Gibson,WAS,25,0.05,0.13,0.03,-0.04,-0.07,0.34,0.22,0.05,0.18
11,Kristaps Porzingis,WAS,38,0.04,-0.21,0.56,0.13,-0.44,0.68,0.86,0.24,0.25
12,Vernon Carey Jr.,WAS,7,0.00,0.00,0.00,0.00,0.00,0.00,0.00,0.00,0.00
13,Isaiah Todd,WAS,4,0.00,0.00,0.00,0.00,0.00,0.00,0.00,0.00,0.00
14,Jordan Schakel,WAS,2,0.00,0.00,0.00,0.00,0.00,0.00,0.00,0.00,0.00
15,Johnny Davis,WAS,10,-0.00,-0.00,0.00,0.00,0.00,0.00,0.00,0.00,0.00
16,Devon Dotson,WAS,6,-0.05,-0.00,0.00,0.00,-0.05,0.01,0.02,0.00,0.00
17,Deni Avdija,WAS,41,-0.16,0.23,0.16,0.04,-0.58,0.57,0.77,0.11,0.18
18,Monte Morris,WAS,36,-0.20,-0.10,0.07,-0.02,-0.14,0.26,1.05,0.14,0.04
